Id,industry
19423,Education / Teaching / Training
19424,FMCG / Foods / Beverage
19425,IT-Software / Software Services
19426,IT-Software / Software Services
19427,Recruitment / Staffing
19428,BPO / Call Centre / ITES
19429,Insurance
19430,BPO / Call Centre / ITES
19431,BPO / Call Centre / ITES
19432,IT-Software / Software Services
19433,IT-Software / Software Services
19434,Medical / Healthcare / Hospitals
19435,Banking / Financial Services / Broking
19436,IT-Software / Software Services
19437,Semiconductors / Electronics
19438,Construction / Engineering / Cement / Metals
19439,IT-Software / Software Services
19440,Recruitment / Staffing
19441,IT-Software / Software Services
19442,Medical / Healthcare / Hospitals
19443,IT-Software / Software Services
19444,Advertising / PR / MR / Event Management
19445,Automobile / Auto Anciliary / Auto Components
19446,IT-Software / Software Services
19447,IT-Software / Software Services
19448,Banking / Financial Services / Broking
19449,Accounting / Finance
19450,Advertising / PR / MR / Event Management
19451,IT-Software / Software Services
19452,IT-Software / Software Services
19453,Banking / Financial Services / Broking
19454,IT-Software / Software Services
19455,IT-Software / Software Services
19456,IT-Software / Software Services
19457,Recruitment / Staffing
19458,BPO / Call Centre / ITES
19459,BPO / Call Centre / ITES
19460,IT-Software / Software Services
19461,IT-Software / Software Services
19462,Internet / Ecommerce
19463,IT-Software / Software Services
19464,IT-Software / Software Services
19465,IT-Software / Software Services
19466,BPO / Call Centre / ITES
19467,Banking / Financial Services / Broking
19468,IT-Software / Software Services
19469,IT-Software / Software Services
19470,Banking / Financial Services / Broking
19471,IT-Software / Software Services
19472,Banking / Financial Services / Broking
19473,BPO / Call Centre / ITES
19474,Medical / Healthcare / Hospitals
19475,IT-Software / Software Services
19476,Ceramics / Sanitary ware
19477,IT-Software / Software Services
19478,Banking / Financial Services / Broking
19479,IT-Software / Software Services
19480,Travel / Hotels / Restaurants / Airlines / Railways
19481,Pharma / Biotech / Clinical Research
19482,IT-Software / Software Services
19483,Strategy / Management Consulting Firms
19484,IT-Software / Software Services
19485,IT-Software / Software Services
19486,IT-Software / Software Services
19487,IT-Software / Software Services
19488,IT-Software / Software Services
19489,IT-Software / Software Services
19490,IT-Software / Software Services
19491,Industrial Products / Heavy Machinery
19492,Internet / Ecommerce
19493,Pharma / Biotech / Clinical Research
19494,Banking / Financial Services / Broking
19495,IT-Software / Software Services
19496,IT-Software / Software Services
19497,Banking / Financial Services / Broking
19498,Semiconductors / Electronics
19499,IT-Software / Software Services
19500,IT-Software / Software Services
19501,IT-Software / Software Services
19502,Internet / Ecommerce
19503,BPO / Call Centre / ITES
19504,Iron and Steel
19505,IT-Software / Software Services
19506,IT-Software / Software Services
19507,Recruitment / Staffing
19508,IT-Software / Software Services
19509,Education / Teaching / Training
19510,Accounting / Finance
19511,IT-Software / Software Services
19512,Banking / Financial Services / Broking
19513,IT-Software / Software Services
19514,IT-Software / Software Services
19515,Banking / Financial Services / Broking
19516,IT-Software / Software Services
19517,BPO / Call Centre / ITES
19518,IT-Software / Software Services
19519,IT-Software / Software Services
19520,IT-Software / Software Services
19521,Pharma / Biotech / Clinical Research
19522,Telecom/ISP
19523,IT-Software / Software Services
19524,IT-Software / Software Services
19525,BPO / Call Centre / ITES
19526,BPO / Call Centre / ITES
19527,IT-Software / Software Services
19528,IT-Software / Software Services
19529,IT-Software / Software Services
19530,Government / Defence
19531,Banking / Financial Services / Broking
19532,IT-Software / Software Services
19533,IT-Software / Software Services
19534,IT-Software / Software Services
19535,IT-Software / Software Services
19536,Recruitment / Staffing
19537,IT-Software / Software Services
19538,Real Estate / Property
19539,Medical / Healthcare / Hospitals
19540,Oil and Gas / Energy / Power / Infrastructure
19541,Medical / Healthcare / Hospitals
19542,IT-Software / Software Services
19543,IT-Software / Software Services
19544,Accounting / Finance
19545,IT-Software / Software Services
19546,IT-Software / Software Services
19547,Internet / Ecommerce
19548,IT-Software / Software Services
19549,IT-Software / Software Services
19550,Courier / Transportation / Freight / Warehousing
19551,IT-Software / Software Services
19552,IT-Software / Software Services
19553,IT-Software / Software Services
19554,IT-Software / Software Services
19555,Banking / Financial Services / Broking
19556,IT-Software / Software Services
19557,IT-Software / Software Services
19558,IT-Software / Software Services
19559,Semiconductors / Electronics
19560,IT-Software / Software Services
19561,IT-Software / Software Services
19562,IT-Software / Software Services
19563,Education / Teaching / Training
19564,BPO / Call Centre / ITES
19565,Telecom/ISP
19566,IT-Software / Software Services
19567,IT-Hardware & Networking
19568,Insurance
19569,IT-Software / Software Services
19570,IT-Software / Software Services
19571,Banking / Financial Services / Broking
19572,Medical / Healthcare / Hospitals
19573,IT-Software / Software Services
19574,IT-Software / Software Services
19575,IT-Software / Software Services
19576,IT-Hardware & Networking
19577,IT-Software / Software Services
19578,IT-Software / Software Services
19579,Real Estate / Property
19580,IT-Software / Software Services
19581,IT-Software / Software Services
19582,IT-Software / Software Services
19583,BPO / Call Centre / ITES
19584,IT-Software / Software Services
19585,BPO / Call Centre / ITES
19586,IT-Software / Software Services
19587,IT-Software / Software Services
19588,IT-Software / Software Services
19589,Accounting / Finance
19590,IT-Software / Software Services
19591,Travel / Hotels / Restaurants / Airlines / Railways
19592,FMCG / Foods / Beverage
19593,Recruitment / Staffing
19594,IT-Software / Software Services
19595,IT-Hardware & Networking
19596,BPO / Call Centre / ITES
19597,IT-Software / Software Services
19598,IT-Software / Software Services
19599,BPO / Call Centre / ITES
19600,Pharma / Biotech / Clinical Research
19601,IT-Software / Software Services
19602,IT-Software / Software Services
19603,Medical / Healthcare / Hospitals
19604,IT-Software / Software Services
19605,Travel / Hotels / Restaurants / Airlines / Railways
19606,Strategy / Management Consulting Firms
19607,Recruitment / Staffing
19608,IT-Software / Software Services
19609,IT-Software / Software Services
19610,Electricals / Switchgears
19611,IT-Software / Software Services
19612,Recruitment / Staffing
19613,Ceramics / Sanitary ware
19614,IT-Software / Software Services
19615,IT-Software / Software Services
19616,IT-Software / Software Services
19617,BPO / Call Centre / ITES
19618,Internet / Ecommerce
19619,IT-Software / Software Services
19620,IT-Software / Software Services
19621,Recruitment / Staffing
19622,BPO / Call Centre / ITES
19623,Accounting / Finance
19624,IT-Software / Software Services
19625,IT-Software / Software Services
19626,BPO / Call Centre / ITES
19627,Recruitment / Staffing
19628,Education / Teaching / Training
19629,IT-Software / Software Services
19630,Pharma / Biotech / Clinical Research
19631,Medical / Healthcare / Hospitals
19632,IT-Software / Software Services
19633,Construction / Engineering / Cement / Metals
19634,Architecture / Interior Design
19635,BPO / Call Centre / ITES
19636,IT-Software / Software Services
19637,Accounting / Finance
19638,Facility Management
19639,IT-Software / Software Services
19640,BPO / Call Centre / ITES
19641,Telecom/ISP
19642,IT-Software / Software Services
19643,IT-Software / Software Services
19644,Aviation / Aerospace Firms
19645,IT-Software / Software Services
19646,Banking / Financial Services / Broking
19647,Internet / Ecommerce
19648,IT-Software / Software Services
19649,IT-Software / Software Services
19650,Advertising / PR / MR / Event Management
19651,Banking / Financial Services / Broking
19652,IT-Software / Software Services
19653,IT-Software / Software Services
19654,KPO / Research / Analytics
19655,IT-Software / Software Services
19656,Recruitment / Staffing
19657,IT-Software / Software Services
19658,IT-Software / Software Services
19659,IT-Software / Software Services
19660,Telecom/ISP
19661,BPO / Call Centre / ITES
19662,Insurance
19663,IT-Software / Software Services
19664,Pharma / Biotech / Clinical Research
19665,IT-Software / Software Services
19666,Travel / Hotels / Restaurants / Airlines / Railways
19667,Recruitment / Staffing
19668,IT-Hardware & Networking
19669,Recruitment / Staffing
19670,IT-Software / Software Services
19671,IT-Software / Software Services
19672,Telecom/ISP
19673,Internet / Ecommerce
19674,IT-Software / Software Services
19675,IT-Software / Software Services
19676,IT-Hardware & Networking
19677,IT-Software / Software Services
19678,Pharma / Biotech / Clinical Research
19679,IT-Software / Software Services
19680,IT-Software / Software Services
19681,Internet / Ecommerce
19682,Telecom/ISP
19683,IT-Software / Software Services
19684,IT-Software / Software Services
19685,IT-Software / Software Services
19686,IT-Software / Software Services
19687,IT-Software / Software Services
19688,BPO / Call Centre / ITES
19689,IT-Software / Software Services
19690,Accounting / Finance
19691,Internet / Ecommerce
19692,IT-Software / Software Services
19693,IT-Software / Software Services
19694,Medical / Healthcare / Hospitals
19695,Internet / Ecommerce
19696,IT-Software / Software Services
19697,Banking / Financial Services / Broking
19698,IT-Software / Software Services
19699,Internet / Ecommerce
19700,Banking / Financial Services / Broking
19701,BPO / Call Centre / ITES
19702,IT-Software / Software Services
19703,IT-Software / Software Services
19704,FMCG / Foods / Beverage
19705,IT-Software / Software Services
19706,BPO / Call Centre / ITES
19707,IT-Software / Software Services
19708,Telecom/ISP
19709,Insurance
19710,Banking / Financial Services / Broking
19711,IT-Software / Software Services
19712,IT-Software / Software Services
19713,IT-Software / Software Services
19714,Telecom/ISP
19715,Real Estate / Property
19716,Medical / Healthcare / Hospitals
19717,IT-Software / Software Services
19718,Accounting / Finance
19719,IT-Hardware & Networking
19720,Internet / Ecommerce
19721,Courier / Transportation / Freight / Warehousing
19722,IT-Software / Software Services
19723,Automobile / Auto Anciliary / Auto Components
19724,Telecom/ISP
19725,IT-Software / Software Services
19726,IT-Software / Software Services
19727,IT-Hardware & Networking
19728,IT-Software / Software Services
19729,IT-Software / Software Services
19730,IT-Software / Software Services
19731,BPO / Call Centre / ITES
19732,IT-Software / Software Services
19733,Accounting / Finance
19734,Travel / Hotels / Restaurants / Airlines / Railways
19735,IT-Software / Software Services
19736,Recruitment / Staffing
19737,IT-Software / Software Services
19738,IT-Software / Software Services
19739,IT-Software / Software Services
19740,Recruitment / Staffing
19741,Banking / Financial Services / Broking
19742,Pharma / Biotech / Clinical Research
19743,IT-Software / Software Services
19744,Textiles / Garments / Accessories
19745,IT-Software / Software Services
19746,IT-Software / Software Services
19747,IT-Software / Software Services
19748,IT-Software / Software Services
19749,IT-Software / Software Services
19750,Recruitment / Staffing
19751,Retail / Wholesale
19752,IT-Software / Software Services
19753,Internet / Ecommerce
19754,IT-Software / Software Services
19755,Banking / Financial Services / Broking
19756,IT-Software / Software Services
19757,IT-Software / Software Services
19758,Telecom/ISP
19759,BPO / Call Centre / ITES
19760,Telecom/ISP
19761,IT-Software / Software Services
19762,IT-Software / Software Services
19763,BPO / Call Centre / ITES
19764,IT-Software / Software Services
19765,Banking / Financial Services / Broking
19766,IT-Software / Software Services
19767,Banking / Financial Services / Broking
19768,IT-Software / Software Services
19769,IT-Software / Software Services
19770,IT-Software / Software Services
19771,Internet / Ecommerce
19772,IT-Software / Software Services
19773,Internet / Ecommerce
19774,IT-Software / Software Services
19775,IT-Software / Software Services
19776,IT-Software / Software Services
19777,IT-Software / Software Services
19778,IT-Software / Software Services
19779,Recruitment / Staffing
19780,IT-Software / Software Services
19781,Internet / Ecommerce
19782,IT-Software / Software Services
19783,IT-Software / Software Services
19784,Oil and Gas / Energy / Power / Infrastructure
19785,Retail / Wholesale
19786,IT-Software / Software Services
19787,IT-Software / Software Services
19788,IT-Software / Software Services
19789,IT-Software / Software Services
19790,IT-Software / Software Services
19791,Recruitment / Staffing
19792,Accounting / Finance
19793,IT-Hardware & Networking
19794,IT-Software / Software Services
19795,Construction / Engineering / Cement / Metals
19796,IT-Software / Software Services
19797,Recruitment / Staffing
19798,IT-Software / Software Services
19799,BPO / Call Centre / ITES
19800,IT-Software / Software Services
19801,Banking / Financial Services / Broking
19802,IT-Software / Software Services
19803,IT-Software / Software Services
19804,Industrial Products / Heavy Machinery
19805,IT-Software / Software Services
19806,IT-Software / Software Services
19807,IT-Software / Software Services
19808,IT-Software / Software Services
19809,IT-Software / Software Services
19810,IT-Software / Software Services
19811,IT-Software / Software Services
19812,IT-Software / Software Services
19813,Banking / Financial Services / Broking
19814,Recruitment / Staffing
19815,FMCG / Foods / Beverage
19816,IT-Software / Software Services
19817,IT-Software / Software Services
19818,Recruitment / Staffing
19819,IT-Software / Software Services
19820,IT-Software / Software Services
19821,Banking / Financial Services / Broking
19822,IT-Software / Software Services
19823,Real Estate / Property
19824,BPO / Call Centre / ITES
19825,Advertising / PR / MR / Event Management
19826,Education / Teaching / Training
19827,Telecom/ISP
19828,IT-Software / Software Services
19829,Recruitment / Staffing
19830,IT-Software / Software Services
19831,IT-Software / Software Services
19832,IT-Software / Software Services
19833,IT-Software / Software Services
19834,Telecom/ISP
19835,Recruitment / Staffing
19836,IT-Software / Software Services
19837,Recruitment / Staffing
19838,KPO / Research / Analytics
19839,IT-Software / Software Services
19840,IT-Software / Software Services
19841,IT-Software / Software Services
19842,Medical / Healthcare / Hospitals
19843,IT-Software / Software Services
19844,IT-Software / Software Services
19845,IT-Software / Software Services
19846,IT-Software / Software Services
19847,Recruitment / Staffing
19848,IT-Software / Software Services
19849,IT-Software / Software Services
19850,Internet / Ecommerce
19851,IT-Software / Software Services
19852,IT-Software / Software Services
19853,Recruitment / Staffing
19854,IT-Software / Software Services
19855,IT-Software / Software Services
19856,IT-Software / Software Services
19857,IT-Software / Software Services
19858,IT-Software / Software Services
19859,IT-Software / Software Services
19860,IT-Software / Software Services
19861,Real Estate / Property
19862,IT-Software / Software Services
19863,Medical / Healthcare / Hospitals
19864,Telecom/ISP
19865,IT-Software / Software Services
19866,Accounting / Finance
19867,Internet / Ecommerce
19868,IT-Software / Software Services
19869,Medical / Healthcare / Hospitals
19870,IT-Software / Software Services
19871,Recruitment / Staffing
19872,IT-Software / Software Services
19873,IT-Software / Software Services
19874,IT-Software / Software Services
19875,IT-Software / Software Services
19876,BPO / Call Centre / ITES
19877,IT-Software / Software Services
19878,Accounting / Finance
19879,Education / Teaching / Training
19880,IT-Software / Software Services
19881,IT-Software / Software Services
19882,Export / Import
19883,IT-Software / Software Services
19884,IT-Hardware & Networking
19885,IT-Software / Software Services
19886,FMCG / Foods / Beverage
19887,IT-Software / Software Services
19888,Recruitment / Staffing
19889,IT-Software / Software Services
19890,Automobile / Auto Anciliary / Auto Components
19891,IT-Software / Software Services
19892,IT-Software / Software Services
19893,Banking / Financial Services / Broking
19894,IT-Software / Software Services
19895,Retail / Wholesale
19896,Internet / Ecommerce
19897,IT-Software / Software Services
19898,IT-Software / Software Services
19899,IT-Software / Software Services
19900,IT-Software / Software Services
19901,Recruitment / Staffing
19902,Internet / Ecommerce
19903,BPO / Call Centre / ITES
19904,Advertising / PR / MR / Event Management
19905,IT-Software / Software Services
19906,Industrial Products / Heavy Machinery
19907,Recruitment / Staffing
19908,IT-Software / Software Services
19909,IT-Software / Software Services
19910,Textiles / Garments / Accessories
19911,IT-Software / Software Services
19912,IT-Software / Software Services
19913,Pharma / Biotech / Clinical Research
19914,IT-Software / Software Services
19915,Construction / Engineering / Cement / Metals
19916,Insurance
19917,IT-Software / Software Services
19918,Recruitment / Staffing
19919,IT-Software / Software Services
19920,Banking / Financial Services / Broking
19921,IT-Software / Software Services
19922,IT-Software / Software Services
19923,BPO / Call Centre / ITES
19924,IT-Software / Software Services
19925,IT-Software / Software Services
19926,IT-Software / Software Services
19927,IT-Software / Software Services
19928,IT-Software / Software Services
19929,Travel / Hotels / Restaurants / Airlines / Railways
19930,Accounting / Finance
19931,Recruitment / Staffing
19932,IT-Software / Software Services
19933,IT-Software / Software Services
19934,IT-Software / Software Services
19935,Recruitment / Staffing
19936,IT-Software / Software Services
19937,IT-Software / Software Services
19938,IT-Software / Software Services
19939,IT-Software / Software Services
19940,BPO / Call Centre / ITES
19941,Recruitment / Staffing
19942,IT-Software / Software Services
19943,Recruitment / Staffing
19944,IT-Software / Software Services
19945,IT-Software / Software Services
19946,Facility Management
19947,IT-Software / Software Services
19948,Insurance
19949,IT-Software / Software Services
19950,Internet / Ecommerce
19951,Accounting / Finance
19952,Advertising / PR / MR / Event Management
19953,Consumer Electronics / Appliances / Durables
19954,IT-Software / Software Services
19955,IT-Software / Software Services
19956,IT-Hardware & Networking
19957,Recruitment / Staffing
19958,BPO / Call Centre / ITES
19959,IT-Software / Software Services
19960,BPO / Call Centre / ITES
19961,Recruitment / Staffing
19962,Banking / Financial Services / Broking
19963,Real Estate / Property
19964,Banking / Financial Services / Broking
19965,IT-Software / Software Services
19966,Pharma / Biotech / Clinical Research
19967,Medical / Healthcare / Hospitals
19968,IT-Software / Software Services
19969,IT-Software / Software Services
19970,Medical / Healthcare / Hospitals
19971,IT-Software / Software Services
19972,Internet / Ecommerce
19973,IT-Software / Software Services
19974,IT-Software / Software Services
19975,Telecom/ISP
19976,Banking / Financial Services / Broking
19977,Recruitment / Staffing
19978,IT-Software / Software Services
19979,Aviation / Aerospace Firms
19980,IT-Software / Software Services
19981,Retail / Wholesale
19982,IT-Software / Software Services
19983,Medical / Healthcare / Hospitals
19984,Telecom/ISP
19985,Banking / Financial Services / Broking
19986,IT-Software / Software Services
19987,IT-Software / Software Services
19988,IT-Software / Software Services
19989,IT-Software / Software Services
19990,IT-Software / Software Services
19991,Travel / Hotels / Restaurants / Airlines / Railways
19992,Construction / Engineering / Cement / Metals
19993,Telecom/ISP
19994,IT-Software / Software Services
19995,Automobile / Auto Anciliary / Auto Components
19996,IT-Software / Software Services
19997,IT-Software / Software Services
19998,IT-Software / Software Services
19999,IT-Software / Software Services
20000,IT-Software / Software Services
20001,IT-Hardware & Networking
20002,IT-Software / Software Services
20003,IT-Software / Software Services
20004,Banking / Financial Services / Broking
20005,IT-Software / Software Services
20006,IT-Software / Software Services
20007,IT-Software / Software Services
20008,Export / Import
20009,Internet / Ecommerce
20010,Recruitment / Staffing
20011,IT-Software / Software Services
20012,Recruitment / Staffing
20013,BPO / Call Centre / ITES
20014,IT-Software / Software Services
20015,Internet / Ecommerce
20016,FMCG / Foods / Beverage
20017,IT-Software / Software Services
20018,Travel / Hotels / Restaurants / Airlines / Railways
20019,Real Estate / Property
20020,IT-Software / Software Services
20021,Travel / Hotels / Restaurants / Airlines / Railways
20022,IT-Software / Software Services
20023,BPO / Call Centre / ITES
20024,IT-Software / Software Services
20025,Chemicals / PetroChemical / Plastic / Rubber
20026,Banking / Financial Services / Broking
20027,IT-Software / Software Services
20028,Banking / Financial Services / Broking
20029,IT-Software / Software Services
20030,IT-Software / Software Services
20031,IT-Software / Software Services
20032,IT-Software / Software Services
20033,IT-Software / Software Services
20034,IT-Software / Software Services
20035,BPO / Call Centre / ITES
20036,IT-Software / Software Services
20037,Strategy / Management Consulting Firms
20038,IT-Software / Software Services
20039,Recruitment / Staffing
20040,IT-Software / Software Services
20041,Education / Teaching / Training
20042,BPO / Call Centre / ITES
20043,BPO / Call Centre / ITES
20044,IT-Software / Software Services
20045,BPO / Call Centre / ITES
20046,Telecom/ISP
20047,Education / Teaching / Training
20048,Recruitment / Staffing
20049,IT-Software / Software Services
20050,IT-Software / Software Services
20051,BPO / Call Centre / ITES
20052,IT-Software / Software Services
20053,Semiconductors / Electronics
20054,Recruitment / Staffing
20055,IT-Software / Software Services
20056,Pharma / Biotech / Clinical Research
20057,Recruitment / Staffing
20058,Medical / Healthcare / Hospitals
20059,IT-Software / Software Services
20060,IT-Software / Software Services
20061,IT-Software / Software Services
20062,IT-Software / Software Services
20063,IT-Software / Software Services
20064,BPO / Call Centre / ITES
20065,IT-Software / Software Services
20066,Recruitment / Staffing
20067,IT-Software / Software Services
20068,IT-Software / Software Services
20069,IT-Software / Software Services
20070,Internet / Ecommerce
20071,IT-Software / Software Services
20072,IT-Software / Software Services
20073,IT-Software / Software Services
20074,Automobile / Auto Anciliary / Auto Components
20075,BPO / Call Centre / ITES
20076,Industrial Products / Heavy Machinery
20077,Internet / Ecommerce
20078,IT-Software / Software Services
20079,BPO / Call Centre / ITES
20080,IT-Software / Software Services
20081,Recruitment / Staffing
20082,IT-Software / Software Services
20083,Recruitment / Staffing
20084,IT-Software / Software Services
20085,IT-Software / Software Services
20086,IT-Software / Software Services
20087,IT-Software / Software Services
20088,IT-Software / Software Services
20089,IT-Software / Software Services
20090,IT-Software / Software Services
20091,Banking / Financial Services / Broking
20092,IT-Software / Software Services
20093,IT-Software / Software Services
20094,Travel / Hotels / Restaurants / Airlines / Railways
20095,Automobile / Auto Anciliary / Auto Components
20096,BPO / Call Centre / ITES
20097,Real Estate / Property
20098,Recruitment / Staffing
20099,IT-Software / Software Services
20100,IT-Software / Software Services
20101,IT-Software / Software Services
20102,Recruitment / Staffing
20103,IT-Software / Software Services
20104,IT-Software / Software Services
20105,Recruitment / Staffing
20106,IT-Software / Software Services
20107,IT-Software / Software Services
20108,BPO / Call Centre / ITES
20109,IT-Software / Software Services
20110,Automobile / Auto Anciliary / Auto Components
20111,BPO / Call Centre / ITES
20112,Medical / Healthcare / Hospitals
20113,IT-Software / Software Services
20114,IT-Software / Software Services
20115,IT-Software / Software Services
20116,Banking / Financial Services / Broking
20117,IT-Software / Software Services
20118,Banking / Financial Services / Broking
20119,Telecom/ISP
20120,Recruitment / Staffing
20121,Internet / Ecommerce
20122,IT-Software / Software Services
20123,IT-Software / Software Services
20124,Recruitment / Staffing
20125,IT-Software / Software Services
20126,IT-Software / Software Services
20127,FMCG / Foods / Beverage
20128,Automobile / Auto Anciliary / Auto Components
20129,Internet / Ecommerce
20130,Recruitment / Staffing
20131,FMCG / Foods / Beverage
20132,IT-Software / Software Services
20133,IT-Software / Software Services
20134,BPO / Call Centre / ITES
20135,IT-Software / Software Services
20136,IT-Software / Software Services
20137,Banking / Financial Services / Broking
20138,IT-Software / Software Services
20139,IT-Software / Software Services
20140,IT-Software / Software Services
20141,BPO / Call Centre / ITES
20142,Medical / Healthcare / Hospitals
20143,IT-Software / Software Services
20144,IT-Software / Software Services
20145,Recruitment / Staffing
20146,IT-Software / Software Services
20147,IT-Software / Software Services
20148,IT-Software / Software Services
20149,Construction / Engineering / Cement / Metals
20150,IT-Software / Software Services
20151,IT-Software / Software Services
20152,IT-Software / Software Services
20153,Export / Import
20154,Banking / Financial Services / Broking
20155,IT-Software / Software Services
20156,Internet / Ecommerce
20157,Accounting / Finance
20158,Travel / Hotels / Restaurants / Airlines / Railways
20159,IT-Software / Software Services
20160,Recruitment / Staffing
20161,Internet / Ecommerce
20162,Internet / Ecommerce
20163,IT-Software / Software Services
20164,IT-Software / Software Services
20165,Internet / Ecommerce
20166,Internet / Ecommerce
20167,IT-Software / Software Services
20168,IT-Software / Software Services
20169,Recruitment / Staffing
20170,Telecom/ISP
20171,IT-Software / Software Services
20172,IT-Software / Software Services
20173,IT-Software / Software Services
20174,IT-Software / Software Services
20175,Medical / Healthcare / Hospitals
20176,Education / Teaching / Training
20177,Banking / Financial Services / Broking
20178,Internet / Ecommerce
20179,Banking / Financial Services / Broking
20180,Banking / Financial Services / Broking
20181,IT-Software / Software Services
20182,IT-Software / Software Services
20183,Education / Teaching / Training
20184,IT-Software / Software Services
20185,IT-Software / Software Services
20186,Chemicals / PetroChemical / Plastic / Rubber
20187,IT-Software / Software Services
20188,Automobile / Auto Anciliary / Auto Components
20189,IT-Software / Software Services
20190,Internet / Ecommerce
20191,Recruitment / Staffing
20192,IT-Software / Software Services
20193,BPO / Call Centre / ITES
20194,IT-Software / Software Services
20195,Textiles / Garments / Accessories
20196,Banking / Financial Services / Broking
20197,IT-Software / Software Services
20198,IT-Software / Software Services
20199,Banking / Financial Services / Broking
20200,Banking / Financial Services / Broking
20201,Banking / Financial Services / Broking
20202,IT-Software / Software Services
20203,IT-Software / Software Services
20204,Automobile / Auto Anciliary / Auto Components
20205,Internet / Ecommerce
20206,IT-Software / Software Services
20207,IT-Software / Software Services
20208,NGO / Social Services / Regulators / Industry Associations
20209,BPO / Call Centre / ITES
20210,Oil and Gas / Energy / Power / Infrastructure
20211,Banking / Financial Services / Broking
20212,IT-Software / Software Services
20213,Automobile / Auto Anciliary / Auto Components
20214,IT-Software / Software Services
20215,IT-Software / Software Services
20216,IT-Software / Software Services
20217,IT-Software / Software Services
20218,Banking / Financial Services / Broking
20219,IT-Software / Software Services
20220,Banking / Financial Services / Broking
20221,Automobile / Auto Anciliary / Auto Components
20222,NGO / Social Services / Regulators / Industry Associations
20223,IT-Software / Software Services
20224,BPO / Call Centre / ITES
20225,IT-Software / Software Services
20226,IT-Software / Software Services
20227,BPO / Call Centre / ITES
20228,IT-Software / Software Services
20229,Chemicals / PetroChemical / Plastic / Rubber
20230,NGO / Social Services / Regulators / Industry Associations
20231,IT-Software / Software Services
20232,FMCG / Foods / Beverage
20233,Education / Teaching / Training
20234,IT-Software / Software Services
20235,IT-Software / Software Services
20236,IT-Software / Software Services
20237,Banking / Financial Services / Broking
20238,Pharma / Biotech / Clinical Research
20239,IT-Software / Software Services
20240,IT-Software / Software Services
20241,Recruitment / Staffing
20242,NGO / Social Services / Regulators / Industry Associations
20243,BPO / Call Centre / ITES
20244,Oil and Gas / Energy / Power / Infrastructure
20245,IT-Software / Software Services
20246,IT-Software / Software Services
20247,Internet / Ecommerce
20248,Recruitment / Staffing
20249,IT-Software / Software Services
20250,Internet / Ecommerce
20251,FMCG / Foods / Beverage
20252,IT-Software / Software Services
20253,Banking / Financial Services / Broking
20254,Banking / Financial Services / Broking
20255,IT-Software / Software Services
20256,Medical / Healthcare / Hospitals
20257,IT-Software / Software Services
20258,IT-Software / Software Services
20259,IT-Software / Software Services
20260,Banking / Financial Services / Broking
20261,Education / Teaching / Training
20262,IT-Software / Software Services
20263,IT-Hardware & Networking
20264,IT-Software / Software Services
20265,BPO / Call Centre / ITES
20266,Recruitment / Staffing
20267,IT-Software / Software Services
20268,IT-Software / Software Services
20269,IT-Software / Software Services
20270,IT-Software / Software Services
20271,Banking / Financial Services / Broking
20272,Courier / Transportation / Freight / Warehousing
20273,IT-Software / Software Services
20274,Education / Teaching / Training
20275,Travel / Hotels / Restaurants / Airlines / Railways
20276,IT-Software / Software Services
20277,IT-Software / Software Services
20278,IT-Software / Software Services
20279,IT-Software / Software Services
20280,IT-Software / Software Services
20281,IT-Software / Software Services
20282,IT-Software / Software Services
20283,IT-Software / Software Services
20284,IT-Software / Software Services
20285,Banking / Financial Services / Broking
20286,IT-Software / Software Services
20287,Advertising / PR / MR / Event Management
20288,Education / Teaching / Training
20289,IT-Software / Software Services
20290,Courier / Transportation / Freight / Warehousing
20291,Semiconductors / Electronics
20292,Internet / Ecommerce
20293,Industrial Products / Heavy Machinery
20294,Pharma / Biotech / Clinical Research
20295,IT-Software / Software Services
20296,IT-Software / Software Services
20297,IT-Software / Software Services
20298,Banking / Financial Services / Broking
20299,IT-Software / Software Services
20300,IT-Software / Software Services
20301,IT-Software / Software Services
20302,Automobile / Auto Anciliary / Auto Components
20303,Semiconductors / Electronics
20304,Electricals / Switchgears
20305,IT-Software / Software Services
20306,Export / Import
20307,Pharma / Biotech / Clinical Research
20308,KPO / Research / Analytics
20309,Medical / Healthcare / Hospitals
20310,IT-Software / Software Services
20311,Pharma / Biotech / Clinical Research
20312,Automobile / Auto Anciliary / Auto Components
20313,IT-Software / Software Services
20314,IT-Software / Software Services
20315,Agriculture / Dairy
20316,Strategy / Management Consulting Firms
20317,IT-Hardware & Networking
20318,IT-Software / Software Services
20319,Medical / Healthcare / Hospitals
20320,IT-Hardware & Networking
20321,IT-Software / Software Services
20322,BPO / Call Centre / ITES
20323,IT-Software / Software Services
20324,IT-Software / Software Services
20325,IT-Software / Software Services
20326,IT-Software / Software Services
20327,Construction / Engineering / Cement / Metals
20328,IT-Software / Software Services
20329,IT-Software / Software Services
20330,IT-Software / Software Services
20331,Medical / Healthcare / Hospitals
20332,Pharma / Biotech / Clinical Research
20333,Industrial Products / Heavy Machinery
20334,Medical / Healthcare / Hospitals
20335,Agriculture / Dairy
20336,IT-Software / Software Services
20337,Banking / Financial Services / Broking
20338,IT-Software / Software Services
20339,IT-Software / Software Services
20340,Education / Teaching / Training
20341,IT-Software / Software Services
20342,Strategy / Management Consulting Firms
20343,IT-Software / Software Services
20344,Oil and Gas / Energy / Power / Infrastructure
20345,IT-Software / Software Services
20346,Recruitment / Staffing
20347,IT-Software / Software Services
20348,IT-Software / Software Services
20349,Accounting / Finance
20350,Automobile / Auto Anciliary / Auto Components
20351,IT-Software / Software Services
20352,BPO / Call Centre / ITES
20353,IT-Software / Software Services
20354,IT-Software / Software Services
20355,IT-Software / Software Services
20356,IT-Software / Software Services
20357,Semiconductors / Electronics
20358,IT-Software / Software Services
20359,Chemicals / PetroChemical / Plastic / Rubber
20360,FMCG / Foods / Beverage
20361,IT-Software / Software Services
20362,IT-Software / Software Services
20363,Agriculture / Dairy
20364,IT-Software / Software Services
20365,Pharma / Biotech / Clinical Research
20366,Banking / Financial Services / Broking
20367,IT-Software / Software Services
20368,Banking / Financial Services / Broking
20369,IT-Software / Software Services
20370,IT-Software / Software Services
20371,IT-Software / Software Services
20372,IT-Software / Software Services
20373,Insurance
20374,BPO / Call Centre / ITES
20375,BPO / Call Centre / ITES
20376,IT-Software / Software Services
20377,Semiconductors / Electronics
20378,IT-Software / Software Services
20379,Pharma / Biotech / Clinical Research
20380,IT-Software / Software Services
20381,Recruitment / Staffing
20382,Internet / Ecommerce
20383,IT-Software / Software Services
20384,IT-Software / Software Services
20385,Pharma / Biotech / Clinical Research
20386,Agriculture / Dairy
20387,Banking / Financial Services / Broking
20388,Education / Teaching / Training
20389,IT-Software / Software Services
20390,IT-Software / Software Services
20391,IT-Software / Software Services
20392,IT-Software / Software Services
20393,IT-Software / Software Services
20394,Pharma / Biotech / Clinical Research
20395,Automobile / Auto Anciliary / Auto Components
20396,IT-Software / Software Services
20397,Construction / Engineering / Cement / Metals
20398,IT-Software / Software Services
20399,IT-Software / Software Services
20400,IT-Software / Software Services
20401,IT-Software / Software Services
20402,Recruitment / Staffing
20403,Electricals / Switchgears
20404,BPO / Call Centre / ITES
20405,IT-Software / Software Services
20406,Banking / Financial Services / Broking
20407,Recruitment / Staffing
20408,IT-Software / Software Services
20409,Education / Teaching / Training
20410,Recruitment / Staffing
20411,IT-Software / Software Services
20412,Pharma / Biotech / Clinical Research
20413,IT-Software / Software Services
20414,IT-Software / Software Services
20415,Consumer Electronics / Appliances / Durables
20416,IT-Software / Software Services
20417,IT-Software / Software Services
20418,IT-Software / Software Services
20419,IT-Software / Software Services
20420,IT-Software / Software Services
20421,IT-Software / Software Services
20422,Pharma / Biotech / Clinical Research
20423,Pharma / Biotech / Clinical Research
20424,Industrial Products / Heavy Machinery
20425,FMCG / Foods / Beverage
20426,Consumer Electronics / Appliances / Durables
20427,Medical / Healthcare / Hospitals
20428,IT-Software / Software Services
20429,Banking / Financial Services / Broking
20430,Agriculture / Dairy
20431,IT-Software / Software Services
20432,Automobile / Auto Anciliary / Auto Components
20433,BPO / Call Centre / ITES
20434,Electricals / Switchgears
20435,IT-Software / Software Services
20436,IT-Software / Software Services
20437,IT-Software / Software Services
20438,IT-Software / Software Services
20439,IT-Software / Software Services
20440,Aviation / Aerospace Firms
20441,Retail / Wholesale
20442,Courier / Transportation / Freight / Warehousing
20443,Automobile / Auto Anciliary / Auto Components
20444,IT-Software / Software Services
20445,Automobile / Auto Anciliary / Auto Components
20446,Banking / Financial Services / Broking
20447,Oil and Gas / Energy / Power / Infrastructure
20448,IT-Software / Software Services
20449,Accounting / Finance
20450,BPO / Call Centre / ITES
20451,IT-Software / Software Services
20452,BPO / Call Centre / ITES
20453,IT-Software / Software Services
20454,BPO / Call Centre / ITES
20455,IT-Software / Software Services
20456,IT-Software / Software Services
20457,Medical / Healthcare / Hospitals
20458,IT-Software / Software Services
20459,BPO / Call Centre / ITES
20460,Advertising / PR / MR / Event Management
20461,IT-Software / Software Services
20462,IT-Software / Software Services
20463,IT-Software / Software Services
20464,Ceramics / Sanitary ware
20465,Agriculture / Dairy
20466,IT-Software / Software Services
20467,Banking / Financial Services / Broking
20468,IT-Software / Software Services
20469,IT-Software / Software Services
20470,IT-Software / Software Services
20471,BPO / Call Centre / ITES
20472,IT-Software / Software Services
20473,IT-Software / Software Services
20474,IT-Software / Software Services
20475,IT-Software / Software Services
20476,Education / Teaching / Training
20477,IT-Software / Software Services
20478,Automobile / Auto Anciliary / Auto Components
20479,Courier / Transportation / Freight / Warehousing
20480,BPO / Call Centre / ITES
20481,FMCG / Foods / Beverage
20482,Automobile / Auto Anciliary / Auto Components
20483,IT-Hardware & Networking
20484,Consumer Electronics / Appliances / Durables
20485,IT-Software / Software Services
20486,Banking / Financial Services / Broking
20487,Aviation / Aerospace Firms
20488,Construction / Engineering / Cement / Metals
20489,IT-Software / Software Services
20490,Textiles / Garments / Accessories
20491,BPO / Call Centre / ITES
20492,Pharma / Biotech / Clinical Research
20493,BPO / Call Centre / ITES
20494,IT-Software / Software Services
20495,BPO / Call Centre / ITES
20496,Automobile / Auto Anciliary / Auto Components
20497,Oil and Gas / Energy / Power / Infrastructure
20498,IT-Software / Software Services
20499,Automobile / Auto Anciliary / Auto Components
20500,IT-Software / Software Services
20501,IT-Software / Software Services
20502,Automobile / Auto Anciliary / Auto Components
20503,Consumer Electronics / Appliances / Durables
20504,IT-Software / Software Services
20505,IT-Software / Software Services
20506,Automobile / Auto Anciliary / Auto Components
20507,Advertising / PR / MR / Event Management
20508,IT-Software / Software Services
20509,IT-Software / Software Services
20510,IT-Software / Software Services
20511,Banking / Financial Services / Broking
20512,Automobile / Auto Anciliary / Auto Components
20513,BPO / Call Centre / ITES
20514,Industrial Products / Heavy Machinery
20515,IT-Software / Software Services
20516,Export / Import
20517,Media / Entertainment / Internet
20518,BPO / Call Centre / ITES
20519,BPO / Call Centre / ITES
20520,Travel / Hotels / Restaurants / Airlines / Railways
20521,Recruitment / Staffing
20522,Insurance
20523,Medical / Healthcare / Hospitals
20524,BPO / Call Centre / ITES
20525,Oil and Gas / Energy / Power / Infrastructure
20526,IT-Hardware & Networking
20527,IT-Software / Software Services
20528,Automobile / Auto Anciliary / Auto Components
20529,Banking / Financial Services / Broking
20530,IT-Software / Software Services
20531,IT-Software / Software Services
20532,IT-Software / Software Services
20533,BPO / Call Centre / ITES
20534,IT-Software / Software Services
20535,Real Estate / Property
20536,FMCG / Foods / Beverage
20537,IT-Software / Software Services
20538,Ceramics / Sanitary ware
20539,IT-Software / Software Services
20540,IT-Software / Software Services
20541,BPO / Call Centre / ITES
20542,IT-Hardware & Networking
20543,IT-Software / Software Services
20544,Automobile / Auto Anciliary / Auto Components
20545,BPO / Call Centre / ITES
20546,Oil and Gas / Energy / Power / Infrastructure
20547,Automobile / Auto Anciliary / Auto Components
20548,IT-Software / Software Services
20549,IT-Software / Software Services
20550,IT-Software / Software Services
20551,Banking / Financial Services / Broking
20552,Insurance
20553,Banking / Financial Services / Broking
20554,Automobile / Auto Anciliary / Auto Components
20555,Automobile / Auto Anciliary / Auto Components
20556,Accounting / Finance
20557,IT-Software / Software Services
20558,Banking / Financial Services / Broking
20559,Accounting / Finance
20560,IT-Software / Software Services
20561,IT-Software / Software Services
20562,IT-Software / Software Services
20563,Automobile / Auto Anciliary / Auto Components
20564,IT-Software / Software Services
20565,IT-Software / Software Services
20566,FMCG / Foods / Beverage
20567,IT-Software / Software Services
20568,Accounting / Finance
20569,Automobile / Auto Anciliary / Auto Components
20570,IT-Software / Software Services
20571,Medical / Healthcare / Hospitals
20572,IT-Software / Software Services
20573,Insurance
20574,FMCG / Foods / Beverage
20575,BPO / Call Centre / ITES
20576,Accounting / Finance
20577,Recruitment / Staffing
20578,FMCG / Foods / Beverage
20579,Automobile / Auto Anciliary / Auto Components
20580,Iron and Steel
20581,IT-Software / Software Services
20582,IT-Software / Software Services
20583,IT-Software / Software Services
20584,IT-Software / Software Services
20585,BPO / Call Centre / ITES
20586,IT-Software / Software Services
20587,Chemicals / PetroChemical / Plastic / Rubber
20588,Automobile / Auto Anciliary / Auto Components
20589,IT-Software / Software Services
20590,Telecom/ISP
20591,Accounting / Finance
20592,Construction / Engineering / Cement / Metals
20593,IT-Software / Software Services
20594,IT-Software / Software Services
20595,IT-Software / Software Services
20596,BPO / Call Centre / ITES
20597,IT-Software / Software Services
20598,IT-Software / Software Services
20599,Automobile / Auto Anciliary / Auto Components
20600,IT-Software / Software Services
20601,IT-Software / Software Services
20602,IT-Software / Software Services
20603,Construction / Engineering / Cement / Metals
20604,IT-Software / Software Services
20605,IT-Software / Software Services
20606,IT-Software / Software Services
20607,IT-Software / Software Services
20608,Accounting / Finance
20609,Internet / Ecommerce
20610,IT-Software / Software Services
20611,Banking / Financial Services / Broking
20612,IT-Software / Software Services
20613,Banking / Financial Services / Broking
20614,Banking / Financial Services / Broking
20615,Medical / Healthcare / Hospitals
20616,Telecom/ISP
20617,Medical / Healthcare / Hospitals
20618,IT-Software / Software Services
20619,Medical / Healthcare / Hospitals
20620,FMCG / Foods / Beverage
20621,BPO / Call Centre / ITES
20622,IT-Software / Software Services
20623,IT-Software / Software Services
20624,Telecom/ISP
20625,Iron and Steel
20626,Banking / Financial Services / Broking
20627,IT-Software / Software Services
20628,IT-Software / Software Services
20629,IT-Software / Software Services
20630,IT-Software / Software Services
20631,Internet / Ecommerce
20632,IT-Software / Software Services
20633,Advertising / PR / MR / Event Management
20634,IT-Software / Software Services
20635,BPO / Call Centre / ITES
20636,Banking / Financial Services / Broking
20637,Oil and Gas / Energy / Power / Infrastructure
20638,IT-Software / Software Services
20639,IT-Software / Software Services
20640,Travel / Hotels / Restaurants / Airlines / Railways
20641,NGO / Social Services / Regulators / Industry Associations
20642,Internet / Ecommerce
20643,Industrial Products / Heavy Machinery
20644,Oil and Gas / Energy / Power / Infrastructure
20645,BPO / Call Centre / ITES
20646,Insurance
20647,BPO / Call Centre / ITES
20648,IT-Software / Software Services
20649,IT-Software / Software Services
20650,Telecom/ISP
20651,IT-Software / Software Services
20652,Internet / Ecommerce
20653,Automobile / Auto Anciliary / Auto Components
20654,IT-Software / Software Services
20655,Banking / Financial Services / Broking
20656,IT-Software / Software Services
20657,Oil and Gas / Energy / Power / Infrastructure
20658,IT-Software / Software Services
20659,Aviation / Aerospace Firms
20660,Travel / Hotels / Restaurants / Airlines / Railways
20661,IT-Software / Software Services
20662,Automobile / Auto Anciliary / Auto Components
20663,Ceramics / Sanitary ware
20664,IT-Software / Software Services
20665,IT-Software / Software Services
20666,IT-Software / Software Services
20667,BPO / Call Centre / ITES
20668,Medical / Healthcare / Hospitals
20669,Consumer Electronics / Appliances / Durables
20670,IT-Software / Software Services
20671,Aviation / Aerospace Firms
20672,IT-Software / Software Services
20673,Iron and Steel
20674,Automobile / Auto Anciliary / Auto Components
20675,BPO / Call Centre / ITES
20676,BPO / Call Centre / ITES
20677,BPO / Call Centre / ITES
20678,Industrial Products / Heavy Machinery
20679,Construction / Engineering / Cement / Metals
20680,IT-Software / Software Services
20681,IT-Software / Software Services
20682,IT-Software / Software Services
20683,Medical / Healthcare / Hospitals
20684,BPO / Call Centre / ITES
20685,IT-Software / Software Services
20686,Automobile / Auto Anciliary / Auto Components
20687,Banking / Financial Services / Broking
20688,BPO / Call Centre / ITES
20689,IT-Software / Software Services
20690,Education / Teaching / Training
20691,Automobile / Auto Anciliary / Auto Components
20692,Industrial Products / Heavy Machinery
20693,Courier / Transportation / Freight / Warehousing
20694,Iron and Steel
20695,Advertising / PR / MR / Event Management
20696,BPO / Call Centre / ITES
20697,IT-Software / Software Services
20698,Construction / Engineering / Cement / Metals
20699,Aviation / Aerospace Firms
20700,Travel / Hotels / Restaurants / Airlines / Railways
20701,IT-Software / Software Services
20702,IT-Software / Software Services
20703,IT-Software / Software Services
20704,Construction / Engineering / Cement / Metals
20705,IT-Software / Software Services
20706,Pharma / Biotech / Clinical Research
20707,IT-Software / Software Services
20708,Education / Teaching / Training
20709,Automobile / Auto Anciliary / Auto Components
20710,IT-Software / Software Services
20711,IT-Software / Software Services
20712,IT-Software / Software Services
20713,IT-Software / Software Services
20714,IT-Software / Software Services
20715,IT-Software / Software Services
20716,IT-Software / Software Services
20717,Construction / Engineering / Cement / Metals
20718,IT-Software / Software Services
20719,IT-Software / Software Services
20720,Office Equipment / Automation
20721,IT-Software / Software Services
20722,BPO / Call Centre / ITES
20723,Internet / Ecommerce
20724,IT-Software / Software Services
20725,BPO / Call Centre / ITES
20726,Internet / Ecommerce
20727,Chemicals / PetroChemical / Plastic / Rubber
20728,IT-Software / Software Services
20729,IT-Software / Software Services
20730,Consumer Electronics / Appliances / Durables
20731,Automobile / Auto Anciliary / Auto Components
20732,Education / Teaching / Training
20733,Courier / Transportation / Freight / Warehousing
20734,IT-Software / Software Services
20735,Banking / Financial Services / Broking
20736,Automobile / Auto Anciliary / Auto Components
20737,FMCG / Foods / Beverage
20738,Accounting / Finance
20739,IT-Software / Software Services
20740,Automobile / Auto Anciliary / Auto Components
20741,BPO / Call Centre / ITES
20742,IT-Software / Software Services
20743,Construction / Engineering / Cement / Metals
20744,Automobile / Auto Anciliary / Auto Components
20745,Automobile / Auto Anciliary / Auto Components
20746,Real Estate / Property
20747,BPO / Call Centre / ITES
20748,IT-Software / Software Services
20749,IT-Software / Software Services
20750,IT-Software / Software Services
20751,Real Estate / Property
20752,IT-Software / Software Services
20753,IT-Software / Software Services
20754,IT-Software / Software Services
20755,BPO / Call Centre / ITES
20756,IT-Software / Software Services
20757,BPO / Call Centre / ITES
20758,Automobile / Auto Anciliary / Auto Components
20759,Insurance
20760,IT-Software / Software Services
20761,IT-Software / Software Services
20762,Automobile / Auto Anciliary / Auto Components
20763,IT-Software / Software Services
20764,Banking / Financial Services / Broking
20765,Recruitment / Staffing
20766,Pharma / Biotech / Clinical Research
20767,IT-Software / Software Services
20768,BPO / Call Centre / ITES
20769,IT-Software / Software Services
20770,BPO / Call Centre / ITES
20771,BPO / Call Centre / ITES
20772,Internet / Ecommerce
20773,IT-Software / Software Services
20774,Automobile / Auto Anciliary / Auto Components
20775,IT-Software / Software Services
20776,IT-Software / Software Services
20777,Medical / Healthcare / Hospitals
20778,IT-Software / Software Services
20779,Banking / Financial Services / Broking
20780,BPO / Call Centre / ITES
20781,Retail / Wholesale
20782,Industrial Products / Heavy Machinery
20783,IT-Hardware & Networking
20784,Construction / Engineering / Cement / Metals
20785,IT-Software / Software Services
20786,Other
20787,IT-Software / Software Services
20788,Automobile / Auto Anciliary / Auto Components
20789,BPO / Call Centre / ITES
20790,IT-Software / Software Services
20791,IT-Software / Software Services
20792,FMCG / Foods / Beverage
20793,Medical / Healthcare / Hospitals
20794,IT-Software / Software Services
20795,BPO / Call Centre / ITES
20796,IT-Software / Software Services
20797,Industrial Products / Heavy Machinery
20798,IT-Software / Software Services
20799,Courier / Transportation / Freight / Warehousing
20800,Automobile / Auto Anciliary / Auto Components
20801,IT-Software / Software Services
20802,Construction / Engineering / Cement / Metals
20803,Banking / Financial Services / Broking
20804,Construction / Engineering / Cement / Metals
20805,KPO / Research / Analytics
20806,IT-Software / Software Services
20807,Banking / Financial Services / Broking
20808,Aviation / Aerospace Firms
20809,BPO / Call Centre / ITES
20810,Accounting / Finance
20811,IT-Software / Software Services
20812,IT-Software / Software Services
20813,BPO / Call Centre / ITES
20814,IT-Software / Software Services
20815,Recruitment / Staffing
20816,Pharma / Biotech / Clinical Research
20817,IT-Software / Software Services
20818,Medical / Healthcare / Hospitals
20819,IT-Software / Software Services
20820,IT-Software / Software Services
20821,Banking / Financial Services / Broking
20822,IT-Software / Software Services
20823,Agriculture / Dairy
20824,IT-Software / Software Services
20825,BPO / Call Centre / ITES
20826,IT-Software / Software Services
20827,IT-Software / Software Services
20828,Pharma / Biotech / Clinical Research
20829,Automobile / Auto Anciliary / Auto Components
20830,Internet / Ecommerce
20831,IT-Software / Software Services
20832,Retail / Wholesale
20833,FMCG / Foods / Beverage
20834,Banking / Financial Services / Broking
20835,Oil and Gas / Energy / Power / Infrastructure
20836,Agriculture / Dairy
20837,IT-Software / Software Services
20838,Accounting / Finance
20839,Automobile / Auto Anciliary / Auto Components
20840,IT-Software / Software Services
20841,IT-Software / Software Services
20842,Automobile / Auto Anciliary / Auto Components
20843,BPO / Call Centre / ITES
20844,IT-Software / Software Services
20845,Oil and Gas / Energy / Power / Infrastructure
20846,IT-Software / Software Services
20847,IT-Software / Software Services
20848,Industrial Products / Heavy Machinery
20849,IT-Software / Software Services
20850,BPO / Call Centre / ITES
20851,Medical / Healthcare / Hospitals
20852,Automobile / Auto Anciliary / Auto Components
20853,IT-Software / Software Services
20854,Automobile / Auto Anciliary / Auto Components
20855,IT-Software / Software Services
20856,IT-Software / Software Services
20857,IT-Software / Software Services
20858,Banking / Financial Services / Broking
20859,IT-Software / Software Services
20860,Medical / Healthcare / Hospitals
20861,IT-Software / Software Services
20862,Other
20863,Telecom/ISP
20864,BPO / Call Centre / ITES
20865,IT-Software / Software Services
20866,IT-Software / Software Services
20867,IT-Software / Software Services
20868,BPO / Call Centre / ITES
20869,IT-Software / Software Services
20870,Automobile / Auto Anciliary / Auto Components
20871,Real Estate / Property
20872,BPO / Call Centre / ITES
20873,IT-Software / Software Services
20874,IT-Software / Software Services
20875,IT-Software / Software Services
20876,IT-Software / Software Services
20877,IT-Software / Software Services
20878,IT-Software / Software Services
20879,BPO / Call Centre / ITES
20880,BPO / Call Centre / ITES
20881,IT-Software / Software Services
20882,IT-Software / Software Services
20883,IT-Software / Software Services
20884,BPO / Call Centre / ITES
20885,Oil and Gas / Energy / Power / Infrastructure
20886,Medical / Healthcare / Hospitals
20887,Pharma / Biotech / Clinical Research
20888,Recruitment / Staffing
20889,FMCG / Foods / Beverage
20890,Courier / Transportation / Freight / Warehousing
20891,Banking / Financial Services / Broking
20892,Construction / Engineering / Cement / Metals
20893,IT-Software / Software Services
20894,IT-Software / Software Services
20895,IT-Software / Software Services
20896,Recruitment / Staffing
20897,IT-Software / Software Services
20898,BPO / Call Centre / ITES
20899,IT-Software / Software Services
20900,IT-Software / Software Services
20901,IT-Software / Software Services
20902,NGO / Social Services / Regulators / Industry Associations
20903,Internet / Ecommerce
20904,BPO / Call Centre / ITES
20905,Automobile / Auto Anciliary / Auto Components
20906,Insurance
20907,Banking / Financial Services / Broking
20908,IT-Software / Software Services
20909,Automobile / Auto Anciliary / Auto Components
20910,IT-Software / Software Services
20911,Travel / Hotels / Restaurants / Airlines / Railways
20912,Automobile / Auto Anciliary / Auto Components
20913,Chemicals / PetroChemical / Plastic / Rubber
20914,IT-Software / Software Services
20915,Telecom/ISP
20916,IT-Software / Software Services
20917,IT-Hardware & Networking
20918,Chemicals / PetroChemical / Plastic / Rubber
20919,Banking / Financial Services / Broking
20920,IT-Software / Software Services
20921,Automobile / Auto Anciliary / Auto Components
20922,IT-Software / Software Services
20923,Semiconductors / Electronics
20924,Medical / Healthcare / Hospitals
20925,Electricals / Switchgears
20926,IT-Software / Software Services
20927,Medical / Healthcare / Hospitals
20928,Retail / Wholesale
20929,Chemicals / PetroChemical / Plastic / Rubber
20930,Travel / Hotels / Restaurants / Airlines / Railways
20931,IT-Software / Software Services
20932,IT-Software / Software Services
20933,FMCG / Foods / Beverage
20934,Office Equipment / Automation
20935,IT-Software / Software Services
20936,IT-Software / Software Services
20937,IT-Software / Software Services
20938,BPO / Call Centre / ITES
20939,IT-Software / Software Services
20940,IT-Software / Software Services
20941,IT-Software / Software Services
20942,IT-Software / Software Services
20943,Banking / Financial Services / Broking
20944,IT-Software / Software Services
20945,FMCG / Foods / Beverage
20946,Oil and Gas / Energy / Power / Infrastructure
20947,Industrial Products / Heavy Machinery
20948,Industrial Products / Heavy Machinery
20949,Automobile / Auto Anciliary / Auto Components
20950,IT-Software / Software Services
20951,IT-Software / Software Services
20952,IT-Software / Software Services
20953,Aviation / Aerospace Firms
20954,Medical / Healthcare / Hospitals
20955,Medical / Healthcare / Hospitals
20956,FMCG / Foods / Beverage
20957,Construction / Engineering / Cement / Metals
20958,BPO / Call Centre / ITES
20959,IT-Software / Software Services
20960,BPO / Call Centre / ITES
20961,Courier / Transportation / Freight / Warehousing
20962,Medical / Healthcare / Hospitals
20963,FMCG / Foods / Beverage
20964,Insurance
20965,Travel / Hotels / Restaurants / Airlines / Railways
20966,Chemicals / PetroChemical / Plastic / Rubber
20967,Automobile / Auto Anciliary / Auto Components
20968,IT-Software / Software Services
20969,Banking / Financial Services / Broking
20970,Internet / Ecommerce
20971,IT-Software / Software Services
20972,IT-Software / Software Services
20973,IT-Software / Software Services
20974,Pharma / Biotech / Clinical Research
20975,IT-Software / Software Services
20976,IT-Software / Software Services
20977,IT-Software / Software Services
20978,IT-Software / Software Services
20979,IT-Software / Software Services
20980,BPO / Call Centre / ITES
20981,Medical / Healthcare / Hospitals
20982,IT-Software / Software Services
20983,BPO / Call Centre / ITES
20984,Industrial Products / Heavy Machinery
20985,IT-Software / Software Services
20986,IT-Software / Software Services
20987,Automobile / Auto Anciliary / Auto Components
20988,IT-Software / Software Services
20989,BPO / Call Centre / ITES
20990,Medical / Healthcare / Hospitals
20991,IT-Software / Software Services
20992,Banking / Financial Services / Broking
20993,IT-Software / Software Services
20994,Banking / Financial Services / Broking
20995,IT-Software / Software Services
20996,Banking / Financial Services / Broking
20997,Textiles / Garments / Accessories
20998,Construction / Engineering / Cement / Metals
20999,IT-Software / Software Services
21000,Consumer Electronics / Appliances / Durables
21001,IT-Software / Software Services
21002,Pharma / Biotech / Clinical Research
21003,Construction / Engineering / Cement / Metals
21004,IT-Software / Software Services
21005,Construction / Engineering / Cement / Metals
21006,IT-Software / Software Services
21007,IT-Software / Software Services
21008,Automobile / Auto Anciliary / Auto Components
21009,Pharma / Biotech / Clinical Research
21010,IT-Software / Software Services
21011,BPO / Call Centre / ITES
21012,IT-Software / Software Services
21013,IT-Software / Software Services
21014,Internet / Ecommerce
21015,Publishing
21016,Travel / Hotels / Restaurants / Airlines / Railways
21017,IT-Software / Software Services
21018,Construction / Engineering / Cement / Metals
21019,IT-Software / Software Services
21020,Banking / Financial Services / Broking
21021,BPO / Call Centre / ITES
21022,IT-Software / Software Services
21023,IT-Software / Software Services
21024,Automobile / Auto Anciliary / Auto Components
21025,BPO / Call Centre / ITES
21026,IT-Software / Software Services
21027,BPO / Call Centre / ITES
21028,IT-Software / Software Services
21029,Education / Teaching / Training
21030,BPO / Call Centre / ITES
21031,Recruitment / Staffing
21032,IT-Software / Software Services
21033,Chemicals / PetroChemical / Plastic / Rubber
21034,IT-Software / Software Services
21035,Education / Teaching / Training
21036,IT-Software / Software Services
21037,BPO / Call Centre / ITES
21038,IT-Software / Software Services
21039,Recruitment / Staffing
21040,Ceramics / Sanitary ware
21041,IT-Software / Software Services
21042,IT-Software / Software Services
21043,IT-Software / Software Services
21044,Automobile / Auto Anciliary / Auto Components
21045,IT-Software / Software Services
21046,Automobile / Auto Anciliary / Auto Components
21047,BPO / Call Centre / ITES
21048,Recruitment / Staffing
21049,FMCG / Foods / Beverage
21050,FMCG / Foods / Beverage
21051,IT-Software / Software Services
21052,Construction / Engineering / Cement / Metals
21053,IT-Software / Software Services
21054,BPO / Call Centre / ITES
21055,IT-Software / Software Services
21056,IT-Software / Software Services
21057,Accounting / Finance
21058,Automobile / Auto Anciliary / Auto Components
21059,Electricals / Switchgears
21060,IT-Software / Software Services
21061,BPO / Call Centre / ITES
21062,IT-Software / Software Services
21063,IT-Software / Software Services
21064,Courier / Transportation / Freight / Warehousing
21065,FMCG / Foods / Beverage
21066,Automobile / Auto Anciliary / Auto Components
21067,IT-Software / Software Services
21068,Banking / Financial Services / Broking
21069,Banking / Financial Services / Broking
21070,IT-Software / Software Services
21071,Pharma / Biotech / Clinical Research
21072,Real Estate / Property
21073,IT-Software / Software Services
21074,IT-Software / Software Services
21075,IT-Software / Software Services
21076,IT-Hardware & Networking
21077,IT-Software / Software Services
21078,IT-Software / Software Services
21079,Insurance
21080,IT-Software / Software Services
21081,Courier / Transportation / Freight / Warehousing
21082,Construction / Engineering / Cement / Metals
21083,Banking / Financial Services / Broking
21084,IT-Software / Software Services
21085,IT-Software / Software Services
21086,Medical / Healthcare / Hospitals
21087,Automobile / Auto Anciliary / Auto Components
21088,IT-Software / Software Services
21089,Internet / Ecommerce
21090,IT-Software / Software Services
21091,Advertising / PR / MR / Event Management
21092,BPO / Call Centre / ITES
21093,IT-Software / Software Services
21094,Other
21095,Strategy / Management Consulting Firms
21096,Automobile / Auto Anciliary / Auto Components
21097,Banking / Financial Services / Broking
21098,FMCG / Foods / Beverage
21099,Construction / Engineering / Cement / Metals
21100,IT-Software / Software Services
21101,IT-Software / Software Services
21102,IT-Software / Software Services
21103,IT-Software / Software Services
21104,IT-Software / Software Services
21105,Accounting / Finance
21106,Real Estate / Property
21107,Recruitment / Staffing
21108,IT-Software / Software Services
21109,Oil and Gas / Energy / Power / Infrastructure
21110,IT-Software / Software Services
21111,Automobile / Auto Anciliary / Auto Components
21112,Chemicals / PetroChemical / Plastic / Rubber
21113,IT-Software / Software Services
21114,Consumer Electronics / Appliances / Durables
21115,Automobile / Auto Anciliary / Auto Components
21116,Banking / Financial Services / Broking
21117,IT-Software / Software Services
21118,Automobile / Auto Anciliary / Auto Components
21119,Internet / Ecommerce
21120,Banking / Financial Services / Broking
21121,IT-Software / Software Services
21122,IT-Software / Software Services
21123,IT-Software / Software Services
21124,Telecom/ISP /
21125,IT-Software / Software Services
21126,IT-Software / Software Services
21127,IT-Software / Software Services
21128,IT-Software / Software Services
21129,Telecom/ISP
21130,FMCG / Foods / Beverage
21131,IT-Software / Software Services
21132,Internet / Ecommerce
21133,Education / Teaching / Training
21134,IT-Software / Software Services
21135,IT-Software / Software Services
21136,IT-Software / Software Services
21137,IT-Software / Software Services
21138,IT-Software / Software Services
21139,IT-Software / Software Services
21140,Electricals / Switchgears
21141,Electricals / Switchgears
21142,IT-Software / Software Services
21143,Oil and Gas / Energy / Power / Infrastructure
21144,Recruitment / Staffing
21145,IT-Software / Software Services
21146,IT-Software / Software Services
21147,IT-Software / Software Services
21148,IT-Software / Software Services
21149,IT-Software / Software Services
21150,IT-Software / Software Services
21151,IT-Software / Software Services
21152,IT-Software / Software Services
21153,Legal
21154,IT-Software / Software Services
21155,IT-Software / Software Services
21156,IT-Software / Software Services
21157,Advertising / PR / MR / Event Management
21158,Banking / Financial Services / Broking
21159,IT-Software / Software Services
21160,IT-Software / Software Services
21161,Electricals / Switchgears
21162,Consumer Electronics / Appliances / Durables
21163,IT-Software / Software Services
21164,BPO / Call Centre / ITES
21165,IT-Software / Software Services
21166,IT-Software / Software Services
21167,IT-Software / Software Services
21168,IT-Software / Software Services
21169,Internet / Ecommerce
21170,IT-Software / Software Services
21171,IT-Software / Software Services
21172,IT-Software / Software Services
21173,IT-Software / Software Services
21174,IT-Software / Software Services
21175,IT-Software / Software Services
21176,IT-Software / Software Services
21177,Telecom/ISP
21178,IT-Software / Software Services
21179,IT-Software / Software Services
21180,IT-Software / Software Services
21181,IT-Software / Software Services
21182,Education / Teaching / Training
21183,IT-Software / Software Services
21184,IT-Software / Software Services
21185,IT-Software / Software Services
21186,IT-Software / Software Services
21187,Banking / Financial Services / Broking
21188,IT-Software / Software Services
21189,IT-Software / Software Services
21190,Banking / Financial Services / Broking
21191,IT-Software / Software Services
21192,IT-Software / Software Services
21193,Industrial Products / Heavy Machinery
21194,IT-Software / Software Services
21195,IT-Software / Software Services
21196,Banking / Financial Services / Broking
21197,Pharma / Biotech / Clinical Research
21198,IT-Software / Software Services
21199,IT-Software / Software Services
21200,IT-Software / Software Services
21201,IT-Software / Software Services
21202,BPO / Call Centre / ITES
21203,IT-Software / Software Services
21204,IT-Software / Software Services
21205,Semiconductors / Electronics
21206,IT-Software / Software Services
21207,IT-Software / Software Services
21208,Banking / Financial Services / Broking
21209,BPO / Call Centre / ITES
21210,IT-Software / Software Services
21211,IT-Software / Software Services
21212,IT-Software / Software Services
21213,IT-Software / Software Services
21214,Banking / Financial Services / Broking
21215,Banking / Financial Services / Broking
21216,IT-Software / Software Services
21217,IT-Software / Software Services
21218,IT-Software / Software Services
21219,Banking / Financial Services / Broking
21220,IT-Software / Software Services
21221,IT-Software / Software Services
21222,IT-Software / Software Services
21223,IT-Software / Software Services
21224,Travel / Hotels / Restaurants / Airlines / Railways
21225,IT-Software / Software Services
21226,IT-Software / Software Services
21227,Telecom/ISP /
21228,Semiconductors / Electronics
21229,IT-Software / Software Services
21230,IT-Software / Software Services
21231,IT-Software / Software Services
21232,IT-Software / Software Services
21233,Facility Management
21234,IT-Software / Software Services
21235,IT-Software / Software Services
21236,IT-Software / Software Services
21237,IT-Software / Software Services
21238,IT-Software / Software Services
21239,IT-Software / Software Services
21240,IT-Software / Software Services
21241,IT-Software / Software Services
21242,IT-Software / Software Services
21243,Internet / Ecommerce
21244,Telecom/ISP /
21245,IT-Software / Software Services
21246,Banking / Financial Services / Broking
21247,IT-Software / Software Services
21248,IT-Software / Software Services
21249,IT-Software / Software Services
21250,BPO / Call Centre / ITES
21251,IT-Software / Software Services
21252,IT-Software / Software Services
21253,IT-Software / Software Services
21254,IT-Software / Software Services
21255,IT-Software / Software Services
21256,IT-Software / Software Services
21257,IT-Software / Software Services
21258,IT-Software / Software Services
21259,IT-Software / Software Services
21260,IT-Software / Software Services
21261,BPO / Call Centre / ITES
21262,Banking / Financial Services / Broking
21263,BPO / Call Centre / ITES
21264,IT-Hardware & Networking
21265,IT-Software / Software Services
21266,BPO / Call Centre / ITES
21267,Iron and Steel
21268,IT-Software / Software Services
21269,IT-Software / Software Services
21270,IT-Software / Software Services
21271,IT-Software / Software Services
21272,IT-Software / Software Services
21273,IT-Software / Software Services
21274,IT-Software / Software Services
21275,BPO / Call Centre / ITES
21276,Internet / Ecommerce
21277,IT-Software / Software Services
21278,IT-Software / Software Services
21279,IT-Software / Software Services
21280,Medical / Healthcare / Hospitals
21281,IT-Software / Software Services
21282,IT-Hardware & Networking
21283,IT-Software / Software Services
21284,IT-Software / Software Services
21285,Education / Teaching / Training
21286,IT-Software / Software Services
21287,IT-Software / Software Services
21288,IT-Software / Software Services
21289,IT-Software / Software Services
21290,IT-Software / Software Services
21291,Electricals / Switchgears
21292,Telecom/ISP
21293,IT-Software / Software Services
21294,BPO / Call Centre / ITES
21295,Construction / Engineering / Cement / Metals
21296,BPO / Call Centre / ITES
21297,IT-Software / Software Services
21298,BPO / Call Centre / ITES
21299,Pharma / Biotech / Clinical Research
21300,Education / Teaching / Training
21301,Education / Teaching / Training
21302,IT-Software / Software Services
21303,Banking / Financial Services / Broking
21304,Education / Teaching / Training
21305,Education / Teaching / Training
21306,Education / Teaching / Training
21307,Education / Teaching / Training
21308,Education / Teaching / Training
21309,IT-Software / Software Services
21310,Education / Teaching / Training
21311,Recruitment / Staffing
21312,Textiles / Garments / Accessories
21313,IT-Software / Software Services
21314,Banking / Financial Services / Broking
21315,Education / Teaching / Training
21316,Education / Teaching / Training
21317,Education / Teaching / Training
21318,IT-Software / Software Services
21319,Education / Teaching / Training
21320,Education / Teaching / Training
21321,Education / Teaching / Training
21322,Banking / Financial Services / Broking
21323,Education / Teaching / Training
21324,Education / Teaching / Training
21325,Education / Teaching / Training
21326,Education / Teaching / Training
21327,IT-Software / Software Services
21328,Medical / Healthcare / Hospitals
21329,BPO / Call Centre / ITES
21330,Education / Teaching / Training
21331,Internet / Ecommerce
21332,Pharma / Biotech / Clinical Research
21333,Education / Teaching / Training
21334,Education / Teaching / Training
21335,Education / Teaching / Training
21336,Education / Teaching / Training
21337,Banking / Financial Services / Broking
21338,Education / Teaching / Training
21339,Education / Teaching / Training
21340,Education / Teaching / Training
21341,Education / Teaching / Training
21342,Education / Teaching / Training
21343,Education / Teaching / Training
21344,Banking / Financial Services / Broking
21345,Education / Teaching / Training
21346,Education / Teaching / Training
21347,Education / Teaching / Training
21348,Education / Teaching / Training
21349,Education / Teaching / Training
21350,IT-Software / Software Services
21351,Courier / Transportation / Freight / Warehousing
21352,Recruitment / Staffing
21353,IT-Software / Software Services
21354,Education / Teaching / Training
21355,Education / Teaching / Training
21356,Education / Teaching / Training
21357,Education / Teaching / Training
21358,Education / Teaching / Training
21359,Education / Teaching / Training
21360,Education / Teaching / Training
21361,Banking / Financial Services / Broking
21362,Education / Teaching / Training
21363,Education / Teaching / Training
21364,Education / Teaching / Training
21365,Education / Teaching / Training
21366,Banking / Financial Services / Broking
21367,Education / Teaching / Training
21368,IT-Software / Software Services
21369,IT-Software / Software Services
21370,Education / Teaching / Training
21371,Education / Teaching / Training
21372,IT-Software / Software Services
21373,Education / Teaching / Training
21374,Banking / Financial Services / Broking
21375,Education / Teaching / Training
21376,Education / Teaching / Training
21377,IT-Software / Software Services
21378,Education / Teaching / Training
21379,IT-Software / Software Services
21380,Education / Teaching / Training
21381,Education / Teaching / Training
21382,Education / Teaching / Training
21383,Education / Teaching / Training
21384,Banking / Financial Services / Broking
21385,Education / Teaching / Training
21386,Education / Teaching / Training
21387,Wellness / Fitness / Sports / Beauty
21388,Education / Teaching / Training
21389,Pharma / Biotech / Clinical Research
21390,IT-Software / Software Services
21391,Pharma / Biotech / Clinical Research
21392,Education / Teaching / Training
21393,Education / Teaching / Training
21394,Education / Teaching / Training
21395,Education / Teaching / Training
21396,Education / Teaching / Training
21397,Education / Teaching / Training
21398,Education / Teaching / Training
21399,Education / Teaching / Training
21400,Education / Teaching / Training
21401,Education / Teaching / Training
21402,Education / Teaching / Training
21403,Industrial Products / Heavy Machinery
21404,Education / Teaching / Training
21405,Education / Teaching / Training
21406,Education / Teaching / Training
21407,Education / Teaching / Training
21408,Education / Teaching / Training
21409,Education / Teaching / Training
21410,Education / Teaching / Training
21411,Education / Teaching / Training
21412,Education / Teaching / Training
21413,IT-Software / Software Services
21414,Education / Teaching / Training
21415,Courier / Transportation / Freight / Warehousing
21416,IT-Software / Software Services
21417,Education / Teaching / Training
21418,Education / Teaching / Training
21419,Internet / Ecommerce
21420,Education / Teaching / Training
21421,Education / Teaching / Training
21422,Education / Teaching / Training
21423,IT-Software / Software Services
21424,Education / Teaching / Training
21425,Banking / Financial Services / Broking
21426,IT-Software / Software Services
21427,Education / Teaching / Training
21428,Education / Teaching / Training
21429,Education / Teaching / Training
21430,Education / Teaching / Training
21431,Education / Teaching / Training
21432,Banking / Financial Services / Broking
21433,Automobile / Auto Anciliary / Auto Components
21434,Education / Teaching / Training
21435,Education / Teaching / Training
21436,Education / Teaching / Training
21437,Textiles / Garments / Accessories
21438,Education / Teaching / Training
21439,Education / Teaching / Training
21440,Automobile / Auto Anciliary / Auto Components
21441,Education / Teaching / Training
21442,Education / Teaching / Training
21443,Education / Teaching / Training
21444,Education / Teaching / Training
21445,Education / Teaching / Training
21446,IT-Software / Software Services
21447,Education / Teaching / Training
21448,Media / Entertainment / Internet
21449,Education / Teaching / Training
21450,IT-Hardware & Networking
21451,Education / Teaching / Training
21452,Education / Teaching / Training
21453,Education / Teaching / Training
21454,Education / Teaching / Training
21455,Banking / Financial Services / Broking
21456,Education / Teaching / Training
21457,IT-Software / Software Services
21458,Education / Teaching / Training
21459,Banking / Financial Services / Broking
21460,Education / Teaching / Training
21461,Education / Teaching / Training
21462,Pharma / Biotech / Clinical Research
21463,IT-Software / Software Services
21464,Pharma / Biotech / Clinical Research
21465,Education / Teaching / Training
21466,Education / Teaching / Training
21467,Education / Teaching / Training
21468,Education / Teaching / Training
21469,Internet / Ecommerce
21470,Education / Teaching / Training
21471,Education / Teaching / Training
21472,Education / Teaching / Training
21473,Education / Teaching / Training
21474,Education / Teaching / Training
21475,IT-Software / Software Services
21476,Education / Teaching / Training
21477,BPO / Call Centre / ITES
21478,Education / Teaching / Training
21479,Education / Teaching / Training
21480,Education / Teaching / Training
21481,IT-Software / Software Services
21482,IT-Software / Software Services
21483,Education / Teaching / Training
21484,Travel / Hotels / Restaurants / Airlines / Railways
21485,Education / Teaching / Training
21486,Accounting / Finance
21487,Education / Teaching / Training
21488,Education / Teaching / Training
21489,Education / Teaching / Training
21490,IT-Software / Software Services
21491,Education / Teaching / Training
21492,Education / Teaching / Training
21493,Education / Teaching / Training
21494,Education / Teaching / Training
21495,Education / Teaching / Training
21496,Education / Teaching / Training
21497,Education / Teaching / Training
21498,IT-Software / Software Services
21499,Education / Teaching / Training
21500,Education / Teaching / Training
21501,Education / Teaching / Training
21502,Retail / Wholesale
21503,Education / Teaching / Training
21504,Education / Teaching / Training
21505,Education / Teaching / Training
21506,Education / Teaching / Training
21507,Pharma / Biotech / Clinical Research
21508,Banking / Financial Services / Broking
21509,Education / Teaching / Training
21510,Education / Teaching / Training
21511,Education / Teaching / Training
21512,Education / Teaching / Training
21513,Education / Teaching / Training
21514,Education / Teaching / Training
21515,Education / Teaching / Training
21516,Banking / Financial Services / Broking
21517,Education / Teaching / Training
21518,Education / Teaching / Training
21519,Education / Teaching / Training
21520,Pharma / Biotech / Clinical Research
21521,Insurance
21522,Medical / Healthcare / Hospitals
21523,Education / Teaching / Training
21524,Education / Teaching / Training
21525,Education / Teaching / Training
21526,Education / Teaching / Training
21527,IT-Software / Software Services
21528,Education / Teaching / Training
21529,Education / Teaching / Training
21530,IT-Software / Software Services
21531,Education / Teaching / Training
21532,Education / Teaching / Training
21533,Education / Teaching / Training
21534,Education / Teaching / Training
21535,Pharma / Biotech / Clinical Research
21536,Education / Teaching / Training
21537,Education / Teaching / Training
21538,Education / Teaching / Training
21539,Education / Teaching / Training
21540,BPO / Call Centre / ITES
21541,Education / Teaching / Training
21542,IT-Software / Software Services
21543,Education / Teaching / Training
21544,Education / Teaching / Training
21545,Education / Teaching / Training
21546,Banking / Financial Services / Broking
21547,Education / Teaching / Training
21548,Banking / Financial Services / Broking
21549,Education / Teaching / Training
21550,Education / Teaching / Training
21551,Education / Teaching / Training
21552,Education / Teaching / Training
21553,Education / Teaching / Training
21554,Education / Teaching / Training
21555,Education / Teaching / Training
21556,IT-Software / Software Services
21557,Education / Teaching / Training
21558,Education / Teaching / Training
21559,Education / Teaching / Training
21560,IT-Software / Software Services
21561,Medical / Healthcare / Hospitals
21562,Banking / Financial Services / Broking
21563,Education / Teaching / Training
21564,Education / Teaching / Training
21565,Education / Teaching / Training
21566,Education / Teaching / Training
21567,Education / Teaching / Training
21568,Education / Teaching / Training
21569,BPO / Call Centre / ITES
21570,IT-Software / Software Services
21571,Education / Teaching / Training
21572,Education / Teaching / Training
21573,Education / Teaching / Training
21574,Education / Teaching / Training
21575,Education / Teaching / Training
21576,Banking / Financial Services / Broking
21577,Internet / Ecommerce
21578,Education / Teaching / Training
21579,Education / Teaching / Training
21580,IT-Software / Software Services
21581,Education / Teaching / Training
21582,Education / Teaching / Training
21583,Education / Teaching / Training
21584,Education / Teaching / Training
21585,Construction / Engineering / Cement / Metals
21586,BPO / Call Centre / ITES
21587,Education / Teaching / Training
21588,Education / Teaching / Training
21589,IT-Software / Software Services
21590,Telecom/ISP
21591,Banking / Financial Services / Broking
21592,Medical / Healthcare / Hospitals
21593,Education / Teaching / Training
21594,Education / Teaching / Training
21595,IT-Software / Software Services
21596,Education / Teaching / Training
21597,Education / Teaching / Training
21598,Education / Teaching / Training
21599,Education / Teaching / Training
21600,Education / Teaching / Training
21601,Education / Teaching / Training
21602,Education / Teaching / Training
21603,Education / Teaching / Training
21604,Pharma / Biotech / Clinical Research
21605,Education / Teaching / Training
21606,Education / Teaching / Training
21607,Education / Teaching / Training
21608,Education / Teaching / Training
21609,Education / Teaching / Training
21610,Pharma / Biotech / Clinical Research
21611,Travel / Hotels / Restaurants / Airlines / Railways
21612,IT-Software / Software Services
21613,Education / Teaching / Training
21614,Education / Teaching / Training
21615,Education / Teaching / Training
21616,Education / Teaching / Training
21617,Education / Teaching / Training
21618,Education / Teaching / Training
21619,Education / Teaching / Training
21620,Education / Teaching / Training
21621,Education / Teaching / Training
21622,Education / Teaching / Training
21623,Education / Teaching / Training
21624,Education / Teaching / Training
21625,Education / Teaching / Training
21626,Travel / Hotels / Restaurants / Airlines / Railways
21627,Insurance
21628,Education / Teaching / Training
21629,Education / Teaching / Training
21630,NGO / Social Services / Regulators / Industry Associations
21631,Education / Teaching / Training
21632,Education / Teaching / Training
21633,Education / Teaching / Training
21634,Consumer Electronics / Appliances / Durables
21635,IT-Software / Software Services
21636,Banking / Financial Services / Broking
21637,IT-Software / Software Services
21638,Education / Teaching / Training
21639,Education / Teaching / Training
21640,Education / Teaching / Training
21641,Education / Teaching / Training
21642,Education / Teaching / Training
21643,Education / Teaching / Training
21644,Education / Teaching / Training
21645,Pharma / Biotech / Clinical Research
21646,Education / Teaching / Training
21647,Education / Teaching / Training
21648,IT-Software / Software Services
21649,Education / Teaching / Training
21650,Education / Teaching / Training
21651,Pharma / Biotech / Clinical Research
21652,Recruitment / Staffing
21653,Education / Teaching / Training
21654,Courier / Transportation / Freight / Warehousing
21655,Education / Teaching / Training
21656,Education / Teaching / Training
21657,Education / Teaching / Training
21658,IT-Software / Software Services
21659,Banking / Financial Services / Broking
21660,Education / Teaching / Training
21661,Education / Teaching / Training
21662,IT-Software / Software Services
21663,Education / Teaching / Training
21664,Education / Teaching / Training
21665,Pharma / Biotech / Clinical Research
21666,Education / Teaching / Training
21667,Education / Teaching / Training
21668,IT-Software / Software Services
21669,Education / Teaching / Training
21670,Education / Teaching / Training
21671,Education / Teaching / Training
21672,Education / Teaching / Training
21673,Education / Teaching / Training
21674,Education / Teaching / Training
21675,Education / Teaching / Training
21676,Education / Teaching / Training
21677,Education / Teaching / Training
21678,Education / Teaching / Training
21679,Education / Teaching / Training
21680,IT-Software / Software Services
21681,IT-Software / Software Services
21682,Education / Teaching / Training
21683,Education / Teaching / Training
21684,Pharma / Biotech / Clinical Research
21685,IT-Software / Software Services
21686,Education / Teaching / Training
21687,Education / Teaching / Training
21688,Education / Teaching / Training
21689,Education / Teaching / Training
21690,Education / Teaching / Training
21691,Education / Teaching / Training
21692,Education / Teaching / Training
21693,Education / Teaching / Training
21694,Education / Teaching / Training
21695,Education / Teaching / Training
21696,Education / Teaching / Training
21697,Education / Teaching / Training
21698,Education / Teaching / Training
21699,Telecom/ISP
21700,Education / Teaching / Training
21701,IT-Software / Software Services
21702,Education / Teaching / Training
21703,Recruitment / Staffing
21704,IT-Software / Software Services
21705,IT-Software / Software Services
21706,Education / Teaching / Training
21707,Education / Teaching / Training
21708,Education / Teaching / Training
21709,Education / Teaching / Training
21710,Education / Teaching / Training
21711,IT-Software / Software Services
21712,Education / Teaching / Training
21713,Education / Teaching / Training
21714,Education / Teaching / Training
21715,Education / Teaching / Training
21716,Education / Teaching / Training
21717,Education / Teaching / Training
21718,Education / Teaching / Training
21719,Education / Teaching / Training
21720,Education / Teaching / Training
21721,Education / Teaching / Training
21722,Education / Teaching / Training
21723,Education / Teaching / Training
21724,Insurance
21725,Education / Teaching / Training
21726,Education / Teaching / Training
21727,Education / Teaching / Training
21728,Education / Teaching / Training
21729,IT-Software / Software Services
21730,Recruitment / Staffing
21731,Education / Teaching / Training
21732,Education / Teaching / Training
21733,Pharma / Biotech / Clinical Research
21734,IT-Software / Software Services
21735,Education / Teaching / Training
21736,Education / Teaching / Training
21737,Education / Teaching / Training
21738,Education / Teaching / Training
21739,Education / Teaching / Training
21740,Banking / Financial Services / Broking
21741,Travel / Hotels / Restaurants / Airlines / Railways
21742,Education / Teaching / Training
21743,Education / Teaching / Training
21744,Education / Teaching / Training
21745,Education / Teaching / Training
21746,Education / Teaching / Training
21747,IT-Software / Software Services
21748,Education / Teaching / Training
21749,Education / Teaching / Training
21750,Education / Teaching / Training
21751,Education / Teaching / Training
21752,Education / Teaching / Training
21753,Education / Teaching / Training
21754,BPO / Call Centre / ITES
21755,Education / Teaching / Training
21756,Education / Teaching / Training
21757,Education / Teaching / Training
21758,Education / Teaching / Training
21759,Education / Teaching / Training
21760,Banking / Financial Services / Broking
21761,Telecom/ISP
21762,Education / Teaching / Training
21763,Education / Teaching / Training
21764,Automobile / Auto Anciliary / Auto Components
21765,Education / Teaching / Training
21766,Education / Teaching / Training
21767,Education / Teaching / Training
21768,IT-Software / Software Services
21769,IT-Software / Software Services
21770,Pharma / Biotech / Clinical Research
21771,Education / Teaching / Training
21772,Education / Teaching / Training
21773,Education / Teaching / Training
21774,Education / Teaching / Training
21775,Education / Teaching / Training
21776,IT-Software / Software Services
21777,FMCG / Foods / Beverage
21778,Banking / Financial Services / Broking
21779,Education / Teaching / Training
21780,Education / Teaching / Training
21781,IT-Software / Software Services
21782,Recruitment / Staffing
21783,Education / Teaching / Training
21784,Pharma / Biotech / Clinical Research
21785,Education / Teaching / Training
21786,Education / Teaching / Training
21787,Education / Teaching / Training
21788,Education / Teaching / Training
21789,Education / Teaching / Training
21790,Banking / Financial Services / Broking
21791,IT-Software / Software Services
21792,Recruitment / Staffing
21793,BPO / Call Centre / ITES
21794,Education / Teaching / Training
21795,Education / Teaching / Training
21796,IT-Software / Software Services
21797,Education / Teaching / Training
21798,Education / Teaching / Training
21799,Education / Teaching / Training
21800,IT-Software / Software Services
21801,Recruitment / Staffing
21802,Education / Teaching / Training
21803,Education / Teaching / Training
21804,Education / Teaching / Training
21805,Education / Teaching / Training
21806,Internet / Ecommerce
21807,Education / Teaching / Training
21808,Pharma / Biotech / Clinical Research
21809,IT-Software / Software Services
21810,Internet / Ecommerce
21811,Education / Teaching / Training
21812,Education / Teaching / Training
21813,Education / Teaching / Training
21814,Education / Teaching / Training
21815,IT-Software / Software Services
21816,Education / Teaching / Training
21817,Medical / Healthcare / Hospitals
21818,Pharma / Biotech / Clinical Research
21819,Education / Teaching / Training
21820,Education / Teaching / Training
21821,Education / Teaching / Training
21822,Education / Teaching / Training
21823,Education / Teaching / Training
21824,Education / Teaching / Training
21825,IT-Software / Software Services
21826,Education / Teaching / Training
21827,Banking / Financial Services / Broking
21828,Pharma / Biotech / Clinical Research
21829,Real Estate / Property
21830,IT-Software / Software Services
21831,Education / Teaching / Training
21832,Education / Teaching / Training
21833,Education / Teaching / Training
21834,Education / Teaching / Training
21835,Recruitment / Staffing
21836,IT-Software / Software Services
21837,Chemicals / PetroChemical / Plastic / Rubber
21838,Education / Teaching / Training
21839,Education / Teaching / Training
21840,Education / Teaching / Training
21841,Education / Teaching / Training
21842,Education / Teaching / Training
21843,Education / Teaching / Training
21844,Education / Teaching / Training
21845,Pharma / Biotech / Clinical Research
21846,Education / Teaching / Training
21847,Education / Teaching / Training
21848,Insurance
21849,Education / Teaching / Training
21850,Education / Teaching / Training
21851,Education / Teaching / Training
21852,Education / Teaching / Training
21853,Education / Teaching / Training
21854,IT-Software / Software Services
21855,Strategy / Management Consulting Firms
21856,Education / Teaching / Training
21857,Education / Teaching / Training
21858,Education / Teaching / Training
21859,Banking / Financial Services / Broking
21860,Education / Teaching / Training
21861,Education / Teaching / Training
21862,Education / Teaching / Training
21863,IT-Software / Software Services
21864,Pharma / Biotech / Clinical Research
21865,Recruitment / Staffing
21866,Education / Teaching / Training
21867,Facility Management
21868,Education / Teaching / Training
21869,IT-Software / Software Services
21870,Education / Teaching / Training
21871,Education / Teaching / Training
21872,Education / Teaching / Training
21873,Education / Teaching / Training
21874,Education / Teaching / Training
21875,Education / Teaching / Training
21876,IT-Software / Software Services
21877,Education / Teaching / Training
21878,Education / Teaching / Training
21879,Education / Teaching / Training
21880,Education / Teaching / Training
21881,IT-Software / Software Services
21882,Education / Teaching / Training
21883,Education / Teaching / Training
21884,Education / Teaching / Training
21885,Banking / Financial Services / Broking
21886,Banking / Financial Services / Broking
21887,Media / Entertainment / Internet
21888,Education / Teaching / Training
21889,Education / Teaching / Training
21890,IT-Software / Software Services
21891,IT-Software / Software Services
21892,Education / Teaching / Training
21893,Education / Teaching / Training
21894,IT-Software / Software Services
21895,Education / Teaching / Training
21896,Education / Teaching / Training
21897,Education / Teaching / Training
21898,Education / Teaching / Training
21899,Banking / Financial Services / Broking
21900,Banking / Financial Services / Broking
21901,Education / Teaching / Training
21902,Education / Teaching / Training
21903,Education / Teaching / Training
21904,Education / Teaching / Training
21905,Education / Teaching / Training
21906,Recruitment / Staffing
21907,Education / Teaching / Training
21908,Education / Teaching / Training
21909,Education / Teaching / Training
21910,FMCG / Foods / Beverage
21911,Education / Teaching / Training
21912,Education / Teaching / Training
21913,IT-Software / Software Services
21914,Recruitment / Staffing
21915,Banking / Financial Services / Broking
21916,IT-Software / Software Services
21917,Education / Teaching / Training
21918,Education / Teaching / Training
21919,Education / Teaching / Training
21920,Pharma / Biotech / Clinical Research
21921,Education / Teaching / Training
21922,Education / Teaching / Training
21923,Education / Teaching / Training
21924,Education / Teaching / Training
21925,IT-Software / Software Services
21926,Education / Teaching / Training
21927,IT-Software / Software Services
21928,Education / Teaching / Training
21929,IT-Software / Software Services
21930,Education / Teaching / Training
21931,Education / Teaching / Training
21932,Education / Teaching / Training
21933,Education / Teaching / Training
21934,IT-Software / Software Services
21935,Education / Teaching / Training
21936,Education / Teaching / Training
21937,Education / Teaching / Training
21938,Education / Teaching / Training
21939,Education / Teaching / Training
21940,Recruitment / Staffing
21941,Education / Teaching / Training
21942,Education / Teaching / Training
21943,Education / Teaching / Training
21944,Courier / Transportation / Freight / Warehousing
21945,Banking / Financial Services / Broking
21946,Education / Teaching / Training
21947,Education / Teaching / Training
21948,Education / Teaching / Training
21949,Education / Teaching / Training
21950,Education / Teaching / Training
21951,IT-Software / Software Services
21952,Education / Teaching / Training
21953,Education / Teaching / Training
21954,Education / Teaching / Training
21955,Education / Teaching / Training
21956,Education / Teaching / Training
21957,Education / Teaching / Training
21958,IT-Software / Software Services
21959,Education / Teaching / Training
21960,Education / Teaching / Training
21961,Education / Teaching / Training
21962,Education / Teaching / Training
21963,IT-Software / Software Services
21964,Education / Teaching / Training
21965,Internet / Ecommerce
21966,Education / Teaching / Training
21967,Education / Teaching / Training
21968,Education / Teaching / Training
21969,IT-Software / Software Services
21970,Banking / Financial Services / Broking
21971,Pharma / Biotech / Clinical Research
21972,Education / Teaching / Training
21973,Retail / Wholesale
21974,Education / Teaching / Training
21975,Education / Teaching / Training
21976,IT-Software / Software Services
21977,Education / Teaching / Training
21978,Education / Teaching / Training
21979,Education / Teaching / Training
21980,Recruitment / Staffing
21981,Education / Teaching / Training
21982,Education / Teaching / Training
21983,Education / Teaching / Training
21984,Education / Teaching / Training
21985,Education / Teaching / Training
21986,IT-Software / Software Services
21987,Education / Teaching / Training
21988,NGO / Social Services / Regulators / Industry Associations
21989,BPO / Call Centre / ITES
21990,Education / Teaching / Training
21991,Education / Teaching / Training
21992,Education / Teaching / Training
21993,Education / Teaching / Training
21994,Education / Teaching / Training
21995,Education / Teaching / Training
21996,Real Estate / Property
21997,Education / Teaching / Training
21998,Education / Teaching / Training
21999,Insurance
